Series Name,Series Code,Country Name,Country Code,2000 [YR2000],2001 [YR2001],2002 [YR2002],2003 [YR2003],2004 [YR2004],2005 [YR2005],2006 [YR2006],2007 [YR2007],2008 [YR2008],2009 [YR2009],2010 [YR2010],2011 [YR2011],2012 [YR2012],2013 [YR2013],2014 [YR2014],2015 [YR2015],2016 [YR2016],2017 [YR2017],2018 [YR2018],2019 [YR2019],2020 [YR2020],2021 [YR2021]
GDP (current US$),NY.GDP.MKTP.CD,Afghanistan,AFG,..,..,3854235264.37171,4539500884.0479,5220823684.66085,6226199249.32211,6971379033.26327,9715761649.79443,10249767311.213,12154835707.8987,15633856787.0425,18190410820.6235,20203572959.5023,20564485419.1684,20550582746.8448,19998156214.3988,18019558181.9602,18896352021.94,18418848299.5825,18904490262.913,20143442150.971,14786861638.4535
GDP (current US$),NY.GDP.MKTP.CD,Albania,ALB,3480355258.04122,3922100793.5403,4348068242.19512,5611496257.14231,7184685781.51876,8052073539.38058,8896072918.9814,10677324144.4289,12881353507.8539,12044208085.864,11926922828.9911,12890764531.3284,12319830437.3467,12776220507.0162,13228147516.1168,11386850129.8411,11861199830.8396,13019689336.6919,15156432309.8977,15401830754.0773,15131866270.5936,18255787479.1846
GDP (current US$),NY.GDP.MKTP.CD,Algeria,DZA,54790392746.1939,54744712814.8676,56760355865.0082,67863828412.6882,85332581188.6107,103198223709.439,117027307540.89,134977082623.78,171000699876.747,137211035770.034,161207270185.25,200013052199.2,209058991952.125,209755003250.664,213810024944.464,165979279263.174,160034163871.455,170097014589.134,174910878623.049,171767403748.19,145009181490.62,163044443983.759
GDP (current US$),NY.GDP.MKTP.CD,American Samoa,ASM,..,..,512000000,524000000,509000000,500000000,493000000,518000000,560000000,675000000,573000000,570000000,640000000,638000000,643000000,673000000,671000000,612000000,639000000,647000000,716000000,709000000
GDP (current US$),NY.GDP.MKTP.CD,Andorra,AND,1429049198.45218,1546926174.49664,1755910031.99699,2361726862.30248,2894921777.99851,3159905484.39249,3456442102.622,3952600602.24473,4085630584.44412,3674409558.21061,3449966856.68832,3629203786.19154,3188808942.56713,3193704343.20627,3271808157.30038,2789870187.50693,2896679211.86628,3000180750.11297,3218316013.22626,3155065487.51819,2891022272.98687,3330281523.53915
GDP (current US$),NY.GDP.MKTP.CD,Angola,AGO,9129594818.60749,8936063723.20121,15285594828.418,17812704825.1957,23552047248.4301,36970918699.2523,52381006892.038,65266452081.386,88538610805.3214,70307166934.3311,81699526880.8079,109436566876.419,124998210652.243,133401582620.494,137244439121.374,87219300384.5072,49840491178.1518,68972769395.6274,77792944471.9494,69309110145.7687,53619073505.1377,67404287260.3199
GDP (current US$),NY.GDP.MKTP.CD,Antigua and Barbuda,ATG,826370370.37037,800481481.481481,814381481.481481,856396296.296296,919729629.62963,1022962962.96296,1157662962.96296,1312759259.25926,1370070370.37037,1228329629.62963,1148700000,1137637037.03704,1199948148.14815,1181448148.14815,1249733333.33333,1336692592.59259,1436585185.18519,1467977777.77778,1605944444.44444,1687533333.33333,1370281481.48148,1471125925.92593
GDP (current US$),NY.GDP.MKTP.CD,Argentina,ARG,284203750000,268696750000,97724004251.8602,127586973492.177,164657930452.787,198737095012.282,232557260817.308,287530508430.568,361558037110.419,332976484577.619,423627422092.49,530163281574.658,545982375701.128,552025140252.246,526319673731.638,594749285413.212,557531376217.967,643628665302.155,524819742918.669,447754609218.678,385540224628.292,487227339102.67
GDP (current US$),NY.GDP.MKTP.CD,Armenia,ARM,1911563668.85006,2118467913.37873,2376335048.39976,2807061008.69084,3576615240.41616,4900469950.09033,6384451606.1421,9206301700.39619,11662040713.8753,8647936747.98704,9260284937.79781,10142111334.4961,10619320048.5857,11121465767.4067,11609512939.7542,10553337672.9872,10546135160.031,11527458565.7334,12457941907.0333,13619291361.2814,12641697523.2966,13861409968.835
GDP (current US$),NY.GDP.MKTP.CD,Aruba,ABW,1873184357.5419,1896648044.69274,1962011173.18436,2044134078.21229,2254748603.35196,2359776536.31285,2469832402.23464,2677653631.28492,2843016759.77654,2553631284.9162,2453631284.9162,2637988826.81564,2615083798.88268,2727932960.89385,2791061452.51397,2963128491.62011,2983798882.68156,3092178770.94972,3202234636.87151,3368970253.05286,2610038937.56355,3126019399.06492
GDP (current US$),NY.GDP.MKTP.CD,Australia,AUS,415851284305.721,379358162498.658,395580786940.142,467497961560.862,614326362213.686,695328522026.763,747906558849.955,854427259166.209,1055642793196.06,928626859078.192,1148610059015.24,1398405797101.45,1546892142709.84,1576380424746.08,1467545212521.8,1350615691821.28,1206535157956.03,1326516328531.56,1428288504767.07,1392227864397.08,1326901059123.21,1552667363236.06
GDP (current US$),NY.GDP.MKTP.CD,Austria,AUT,197289625479.906,197508773215.323,214394866675.24,262273631180.054,301457562038.541,316092273276.015,336280064332.411,389185571506.052,432051935642.945,401758735822.211,392275107258.667,431685217367.511,409401816050.531,430190979705.962,442584815286.034,381971148530.543,395837353031.499,417261151844.977,454991174096.102,444621176100.548,435225238000.437,480368403893.364
GDP (current US$),NY.GDP.MKTP.CD,Azerbaijan,AZE,5272798390.70183,5707720390.8515,6235856819.58445,7276753894.71541,8680370408.05943,13245716099.0057,20982986344.3027,33050343782.7759,48852482960.0779,44291490420.5026,52909294791.9262,65951627200.2026,69683935845.2139,74164435946.4627,75244294275.1498,53074370486.0433,37867518957.1975,40865558912.3867,47112941176.4706,48174235294.1176,42693000000,54622176470.5882
GDP (current US$),NY.GDP.MKTP.CD,"Bahamas, The",BHS,8076470000,8317830000,8881160000,8870090000,9055290000,9836200000,10167250000,10618340000,10526000000,9981960000,10095760000,10070450000,10720500000,10562800000,11176100000,11861900000,11834600000,12357600000,12755800000,13192800000,9699500000,11208600000
GDP (current US$),NY.GDP.MKTP.CD,Bahrain,BHR,9062898936.17021,8976196808.51064,9593510638.29787,11074813829.7872,13150159574.4681,15968723404.2553,18504760638.2979,21730000000,25710904255.3191,22938218085.1064,25713271276.5957,28776595744.6809,30749308510.6383,32539468085.1064,33387712765.9574,31050638297.8723,32234973404.2553,35473776595.7447,37802005319.1489,38653318085.1064,34723357446.8085,38868663031.9149
GDP (current US$),NY.GDP.MKTP.CD,Bangladesh,BGD,53369787318.6245,53991289844.3291,54724081490.5102,60158929188.2556,65108544250.0425,69442943089.4309,71819083683.7403,79611888213.148,91631278239.3237,102477791472.39,115279077465.226,128637938711.386,133355749482.478,149990451022.29,172885454931.453,195078678697.23,265236247989.155,293754646182.389,321379023557.462,351238474244.667,373902134700.41,416264942893.326
GDP (current US$),NY.GDP.MKTP.CD,Barbados,BRB,3059500000,3054500000,3106500000,3209500000,3444500000,3819500000,4217450800,4674007450,4784925100,4465657300,4529928300,4657699450,4610096000,4677248300,4696344350,4724691200,4832811750,4981588900,5097283200,5324250000,4671800000,4843800000
GDP (current US$),NY.GDP.MKTP.CD,Belarus,BLR,12736856827.9847,12354820143.8849,14594249022.8922,17827791321.3067,23144351851.8519,30207567316.6202,36954312354.3124,45277399813.6067,60763483146.0674,50874078052.2735,57222490768.7143,61757788944.7236,65685102554.8759,75527984234.2342,78813839984.3506,56454734396.5842,47722657820.6675,54726595249.1849,60031262269.3365,64409647193.8044,61371126414.1663,68205380706.6609
GDP (current US$),NY.GDP.MKTP.CD,Belgium,BEL,236792460312.471,236746141604.37,258383599375.177,318082528506.588,369214712443.206,385714762230.039,408259840868.823,470922156309.453,517328087920.078,483254171097.812,481420882905.001,523330354138.133,496152879924.727,521791015247.06,535390200131.018,462335574841.484,476062757356.927,502764720556.354,543299066998.902,535830876745.097,525211810652.608,594104177539.525
GDP (current US$),NY.GDP.MKTP.CD,Belize,BLZ,1116000000,1163000000,1233000000,1298000000,1389500000,1461500000,1581000000,1696000000,1729000000,1680500000,1738500000,1819500000,1903000000,2029500000,2138000000,2210500000,2258500000,2286000000,2315000000,2416500000,2080000000,2491500000
GDP (current US$),NY.GDP.MKTP.CD,Benin,BEN,3519991326.48464,3666222600.09828,4194342849.46574,5349258334.31914,6190270756.13743,6567654493.50831,7034111651.4964,8169048690.05254,9787735426.00897,9738626993.27696,9535345011.48797,10693321370.036,11141358105.9853,12517845127.6775,13284527850.2632,11388160997.1089,11821065852.1271,12701655845.9612,14262408079.7014,14391686309.033,15651545208.8783,17144918952.4682
GDP (current US$),NY.GDP.MKTP.CD,Bermuda,BMU,3480219000,3680483000,3937228000,4186525000,4484703000,4868136000,6144000000,6767000000,6980000000,6656000000,6634526000,6312691000,6378188000,6465756000,6413988000,6654541000,6899911000,7142316000,7225977000,7423465000,6887147000,7286607000
GDP (current US$),NY.GDP.MKTP.CD,Bhutan,BTN,424464089.897641,461444513.66815,520849551.532606,604041957.921855,682523857.01677,796938120.181406,874989895.601121,1168308516.63301,1227808790.6733,1234014291.82342,1547991317.81183,1777101316.67756,1781281281.57912,1756215665.09323,1907090813.45906,2003598212.99135,2158972129.00307,2450364928.07302,2446866404.93058,2535657069.05537,2325184481.4277,2539552984.67797
GDP (current US$),NY.GDP.MKTP.CD,Bolivia,BOL,8397912525.26886,8141537877.06791,7905485146.44351,8082364816.16879,8773451751.5121,9549077918.69677,11451869202.1569,13120183207.6625,16674324661.8681,17339992193.7322,19649631308.1648,23963033429.4364,27084497481.9103,30659338885.6729,32996188017.3661,33000198248.3362,33941126200.0606,37508642165.3366,40287647930.4761,40895322843.7851,36629843805.0216,40408208528.1599
GDP (current US$),NY.GDP.MKTP.CD,Bosnia and Herzegovina,BIH,5567405605.27555,5800774707.17423,6728771318.57555,8498560877.09175,10157553968.254,11222953328.6704,12864610865.2428,15778767389.7831,19112739364.8892,17613836494.0692,17176781065.8902,18644723860.9709,17226849165.6813,18178503835.4491,18558343304.8433,16211541593.4222,16913330976.7547,18080118186.009,20183510863.0054,20202479537.5193,19950471170.6465,23365361635.2201
GDP (current US$),NY.GDP.MKTP.CD,Botswana,BWA,5788329609.15755,5489608299.66445,5438857106.73536,7511582173.37724,8957467706.5354,9918907108.09702,9919158482.41085,10567270655.5027,10730763098.9175,10118518637.0561,12637319933.4668,15110716533.5907,13907510005.8897,14271752527.1166,15470059201.6577,13530738157.7648,15082579073.8634,16105182316.3307,17031901441.1765,16695928792.5697,14930072458.5814,17614791265.6824
GDP (current US$),NY.GDP.MKTP.CD,Brazil,BRA,655448188237.371,559991261406.197,509788814956.855,558229210852.965,669293772178.729,891630177209.99,1107640289661.2,1397084349956.35,1695824565928.67,1667019783635.09,2208871646202.82,2616201578192.25,2465188674415.03,2472806919901.67,2455993625159.37,1802214373741.32,1795700168991.49,2063507864886.88,1916947014067.55,1873274432754.47,1448559976218.19,1608981456325.08
GDP (current US$),NY.GDP.MKTP.CD,British Virgin Islands,VGB,..,..,..,..,..,..,..,..,..,..,..,..,..,..,..,..,..,..,..,..,..,..
GDP (current US$),NY.GDP.MKTP.CD,Brunei Darussalam,BRN,6001153306.2645,5601090584.36122,5843329107.56171,6557333084.60567,7872333215.00414,9531402847.87311,11470703002.0769,12247694247.2298,14393099068.5859,10732366286.2643,13707370737.0737,18525319977.7407,19047940300.8963,18093829923.2737,17098342541.4365,12930394937.8137,11400854267.7188,12128104859.1498,13567351175.0315,13469422958.5105,12005825759.223,14006569575.68
GDP (current US$),NY.GDP.MKTP.CD,Bulgaria,BGR,13245834314.5104,14183497963.1071,16402846413.0958,21144982397.4144,26157892832.2011,29869284035.3218,34379808888.6039,44432811756.4731,54481376860.3695,52023505367.1714,50682061053.2016,57678241023.818,54300857424.4415,55810138436.4821,57082011260.3446,50781996712.7635,53953897624.4344,59199447421.4924,66363537115.2686,68915875214.6537,70240275010.1964,84056312734.3089
GDP (current US$),NY.GDP.MKTP.CD,Burkina Faso,BFA,2968369991.46729,3190371050.45524,3622350203.94595,4740768355.22974,5451688868.42974,6146352742.03313,6547420133.69942,7625723123.54939,9451436358.96861,9450697335.53565,10109618964.2848,12080296644.0643,12561016091.4673,13444301139.1384,13943016923.9017,11832159275.603,12833363370.174,14106956830.0857,15890065019.7634,16178162030.0694,17933606353.1775,19737615114.3661
GDP (current US$),NY.GDP.MKTP.CD,Burundi,BDI,870486065.883137,876794723.068586,825394490.159111,784654423.620476,915257323.3961,1117113045.65222,1273375020.26862,1356199364.85882,1611835901.9063,1781455092.07114,2032135246.50004,2235820867.82743,2333341374.89657,2451606684.31708,2705783272.07443,3104003611.42957,2639321161.41102,2712324133.79776,2660123597.70762,2576518846.39,2649671998.86192,2779813489.02447
GDP (current US$),NY.GDP.MKTP.CD,Cabo Verde,CPV,539227277.626411,563090641.188898,620507562.099274,813260468.873834,924940272.389544,972241336.910099,1107571017.02452,1513040064.50412,1787968044.494,1697737296.24641,1663913071.40962,1865915544.12445,1741809808.96442,1850470042.43281,1859898513.26858,1596800287.16405,1663008687.09505,1769787215.42141,1966501117.61028,1981845740.70615,1703698676.69742,1936174043.45293
GDP (current US$),NY.GDP.MKTP.CD,Cambodia,KHM,3654031716.26881,3984000517.02345,4284028482.53766,4658246918.27092,5337833248.03924,6293046161.83262,7274595706.67154,8639235842.18075,10351914093.1723,10401851850.6108,11242275198.9783,12829541141.0127,14054443213.4639,15227991395.2201,16702610842.4025,18049954289.4229,20016747754.0192,22177200511.5811,24571753583.4922,27089389786.979,25872798012.1938,26961061119.7957
GDP (current US$),NY.GDP.MKTP.CD,Cameroon,CMR,10566578952.7857,10953485244.4239,12417251815.8801,15970315751.0277,18826215278.057,19509850837.2745,20910513974.6215,23928251333.7444,27715144580.2691,27932971683.4215,27507499709.071,30630912184.7789,30155064574.0734,33728622819.0912,36386546917.6861,32210232911.6626,33814337900.2831,36098550141.5897,39973839064.6084,39670977332.7348,40773241531.2395,45338283344.8175
GDP (current US$),NY.GDP.MKTP.CD,Canada,CAN,744773415931.587,738981792355.372,760649334098.005,895540646634.787,1026690238278.25,1173108598778.68,1319264809590.97,1468820407783.26,1552989690721.65,1374625142157.29,1617343367486.26,1793326630174.52,1828366481521.6,1846597421834.98,1805749878439.94,1556508816217.14,1527994741907.43,1649265644244.09,1725329192783.02,1742015045482.31,1645423407568.36,1988336331717.42
GDP (current US$),NY.GDP.MKTP.CD,Cayman Islands,CYM,..,..,..,..,..,..,4200439457.5783,4466438857.5543,4586114124.56498,4281868714.74859,4156990759.63038,4186223808.95236,4291159006.36025,4405954638.18553,4563017880.71523,4708336733.46934,4909498979.9592,5166467298.69195,5530377535.1014,5943589103.56414,5608989199.56798,5898449687.97711
GDP (current US$),NY.GDP.MKTP.CD,Central African Republic,CAF,916777282.651168,932648595.838026,996068183.652841,1142315573.75494,1272360594.5333,1337894284.8516,1461859832.28999,1699811358.87423,1993408071.74888,2067381766.36117,2142591375.85053,2437982839.63072,2510126699.05356,1691544192.38242,1894813504.52945,1695825708.45604,1825018190.85071,2072349794.23301,2220978978.17342,2221301400.72468,2326720920.59223,2516498299.01212
GDP (current US$),NY.GDP.MKTP.CD,Chad,TCD,1388506726.62093,1710843360.64955,1997005786.54118,2742815194.54993,4422855929.21428,6649307057.03314,7428701809.40597,8650138068.63161,10393834720.852,9290728773.35723,10668102734.8132,12172309522.6171,12367363677.6199,12953535495.8781,13940768065.6063,10950392219.9104,10097778353.7651,10000395242.1457,11239167048.4916,11314951342.7807,10715396135.4168,11779980801.7843
GDP (current US$),NY.GDP.MKTP.CD,Channel Islands,CHI,6439403014.0037,6233310060.38969,6663436031.24708,7332574115.57254,8553956571.09378,8827299477.20007,9676410337.59329,11515258634.0085,..,..,..,..,..,..,..,..,..,..,..,..,..,..
GDP (current US$),NY.GDP.MKTP.CD,Chile,CHL,78249883995.6255,71517080040.6338,70294892400.0639,76507577234.5965,99079230169.6389,122314960843.922,153840051814.059,172565850839.158,179663403196.985,171412642047.328,217105420016.533,251224856981.294,267175872540.066,277239461340.404,259405202008.001,242496649874.236,249298719723.108,276364933679.626,295402652037.155,278584733103.01,252727193710.018,317058508651.76
GDP (current US$),NY.GDP.MKTP.CD,China,CHN,1211346869605.24,1339395718865.3,1470550015081.55,1660287965662.68,1955347004963.27,2285965892360.54,2752131773355.16,3550342737010.84,4594307032660.79,5101703073086.04,6087163874512.21,7551500124203.36,8532229986993.65,9570406235659.64,10475682920594.5,11061553079876.4,11233276536737.2,12310409370892.8,13894817549374.2,14279937500606.5,14687673892882,17734062645371.4
GDP (current US$),NY.GDP.MKTP.CD,Colombia,COL,99886577330.7271,98211749595.5442,97963003804.7851,94641378693.223,117081522349.677,145619193046.094,161618580752.946,206181823187.675,242186949772.533,232397835356.357,286563099757.482,334943877377.472,370921317942.564,382116120909.218,381112110485.385,293481753078.868,282825012368.255,311883730442.045,334198218100.719,323109540251.855,270299984937.97,314464137241.33
GDP (current US$),NY.GDP.MKTP.CD,Comoros,COM,351136568.441921,378512003.405071,425964697.418664,546885184.990174,633706149.25026,653845122.872074,698431827.740958,795673128.485442,915659192.825112,905341090.570115,907978723.547592,1023086183.79822,1015843368.79008,1116224161.07781,1149587651.69395,966029542.038859,1012835518.26037,1077439662.5798,1188797574.94753,1195019559.09381,1225039230.74083,1296089632.60039
GDP (current US$),NY.GDP.MKTP.CD,"Congo, Dem. Rep.",COD,19088046305.7971,7438189100.33333,8728038525.14034,8937567059.87754,10297483481.223,11964484667.9102,14451902467.9315,16737071816.38,19788515873.8942,18648373312.4241,21565720044.4634,25839749198.8233,29306235826.3885,32679745297.6453,35909040265.9328,37917704900.0794,37134799974.5225,38019265625.8845,47568210068.5136,51775830725.8441,48716960860.0664,55350968593.0597
GDP (current US$),NY.GDP.MKTP.CD,"Congo, Rep.",COG,3227927697.43665,2796704577.3082,3034251042.07329,3503723244.83607,4656975222.72243,6650001213.82609,8072305415.35484,8782703766.99342,11649858744.3946,9723300390.77733,13148395201.8041,15655384440.3994,17692912613.1633,17958721571.7526,17912908765.9058,11890259136.1098,10219341276.8965,11094822713.3481,13670036996.0023,12750339022.9915,10483151175.8451,13366230219.5352
GDP (current US$),NY.GDP.MKTP.CD,Costa Rica,CRI,15013629658.6521,15976174336.9721,16578820687.2881,17271760506.9483,18610594846.2083,20040642476.9817,22715540324.3032,26884700345.0342,30801744881.0001,30745712006.5307,37658614803.2775,42762617081.6522,47231651862.8399,50949672205.9168,52016408950.8936,56441917652.9812,58847016044.7363,60516043590.1832,62420165099.7231,64417670082.6127,62158002233.0279,64282438666.739
GDP (current US$),NY.GDP.MKTP.CD,Cote d'Ivoire,CIV,16577533355.4395,16810536883.7177,18054384023.1093,21251755293.9537,23510577108.2304,24036917016.59,25281414472.9891,28760092034.4723,34078243426.009,33886814907.0346,34936305296.9689,36693712824.8232,36302305578.2487,42760237561.4396,48843008580.3288,45814637971.4745,47964234560.0514,51588158717.5348,58011466450.8643,58539424929.7248,61348579465.1017,70043191477.0454
GDP (current US$),NY.GDP.MKTP.CD,Croatia,HRV,21807856145.1037,23259567777.5327,27085262278.8634,35022903386.8064,42013459301.7962,45835098187.6637,50915016294.105,60641942979.2183,70943300079.4666,63324394633.9008,60672093864.787,63408294943.4855,57369359295.2829,59032066091.7147,58423981441.1801,50242783066.1173,52397494687.4863,56323836169.7177,62316840749.9705,62327983579.5899,57472012426.6853,68955083280.1922
GDP (current US$),NY.GDP.MKTP.CD,Cuba,CUB,30565400000,31682400000,33590500000,35901200000,38203000000,42643836100,48835925925.9259,54262870370.3704,56302129629.6296,57481481481.4815,59562962962.963,68990000000,73141000000,77148000000,80656000000,87133000000,91370000000,96851000000,100050000000,103428000000,107352000000,..
GDP (current US$),NY.GDP.MKTP.CD,Curacao,CUW,..,..,..,..,..,..,..,..,..,..,..,2933128491.62011,3024525139.6648,3039944134.07821,3048435754.18994,3042737430.1676,3014748603.35196,3009497206.70391,3020388826.81564,2995185474.86034,2496174748.60335,2699612458.10056
GDP (current US$),NY.GDP.MKTP.CD,Cyprus,CYP,9985844486.33365,10397897085.6102,11420227884.6154,14547325028.3126,17320552500,18433411267.2553,20072786350.5206,23968764029.5647,27844698989.3072,25945391775.4932,25800247911.9714,27642086581.2918,25048659899.7816,23961144906.3621,23226782250.5646,19909190058.804,21046951516.4932,22946726163.5789,25596474964.5725,25944504645.6957,25008448886.3507,28407867534.0035
GDP (current US$),NY.GDP.MKTP.CD,Czechia,CZE,61828166496.0941,67808032979.5429,82196001050.7474,100090467581.268,119814434353.575,137143471328.274,156264095664.643,190183800884.018,236816485762.988,207434296805.33,209069940963.177,229562733398.948,208857719320.649,211685616592.931,209358834156.329,188033050459.881,196272068576.338,218628940951.675,249000540729.179,252548179964.897,245974558654.043,281777887121.451
GDP (current US$),NY.GDP.MKTP.CD,Denmark,DNK,164158739097.623,164791442543.375,178635163717.431,218096033517.009,251373002954.382,264467336457.17,282884947702.966,319423424509.066,353361038818.383,321241303699.006,321995279401.502,344003137611.271,327148943812.137,343584391647.927,352993631617.708,302673070846.857,313115929314.339,332121063806.391,356841216410.068,346498737961.635,355222449505.211,398303272764.46
GDP (current US$),NY.GDP.MKTP.CD,Djibouti,DJI,551230861.856505,572417440.820162,591122039.601398,622044665.515049,666072101.777505,708633194.726566,768873684.032838,847918929.107984,999105339.267729,1049110684.72493,1128611700.3618,1239144501.77525,1353632941.5207,2042817162.85639,2214679081.25658,2424391785.43897,2604955228.70117,2762581334.22612,2913466732.12507,3088853638.56832,3181071153.6622,3482987379.0942
GDP (current US$),NY.GDP.MKTP.CD,Dominica,DMA,333470370.37037,340203703.703704,333196296.296296,343311111.111111,367200000,364255555.555556,390251851.851852,421374074.074074,458188888.888889,489074074.074074,493825925.925926,501025925.925926,485996296.296296,498296296.296296,520207407.407407,540737037.037037,576229629.62963,521551851.851852,554770370.37037,611537037.037037,504214814.814815,554181481.481481
GDP (current US$),NY.GDP.MKTP.CD,Dominican Republic,DOM,24305717541.6371,25601765400.5153,27137508656.8522,21403167848.1444,22322395368.0274,35777570135.5225,37879869897.8979,43965420072.4107,48122547177.1881,48261033298.2133,53860175555.9961,58029750745.6495,60681537195.7996,62682163837.347,67179914026.9623,71164825256.6849,75704720189.5607,79997975621.8654,85555378042.8196,88941299733.5018,78844702329.0785,94243453937.4462
GDP (current US$),NY.GDP.MKTP.CD,Ecuador,ECU,18327764882.4412,24468324000,28548945000,32432858000,36591661000,41507085000,46802044000,51007777000,61762635000,62519686000,69555367000,79276664000,87924544000,95129659000,101726331000,99290381000,99937696000,104295862000,107562008000,108108009000,99291124000,106165866000
GDP (current US$),NY.GDP.MKTP.CD,"Egypt, Arab Rep.",EGY,99838543960.0763,96684636118.5984,85146067415.7303,80288461538.4615,78782467532.4675,89600665557.4043,107426086956.522,130437828371.278,162818181818.182,189147005444.646,218983666061.706,235989672977.625,279116666666.667,288434108527.132,305595408895.265,329366576819.407,332441717791.411,235733695652.174,249712999437.254,303080865603.645,365252651278.852,404142766093.053
GDP (current US$),NY.GDP.MKTP.CD,El Salvador,SLV,11784927700,12282533600,12664190300,13243892200,13724810900,14698000000,15999890000,17011750000,17986890000,17601620000,18447920000,20283780000,21386150000,21990960000,22593470000,23438240000,24191430000,24979190000,26020850000,26881140000,24563020000,28736940000
GDP (current US$),NY.GDP.MKTP.CD,Equatorial Guinea,GNQ,1045998496.43872,1461139022.02954,1806742742.27311,2484745935.09329,4410764338.66733,8217369092.65224,10086528698.8604,13071718758.7373,19749893536.3204,15027795173.2187,16314442183.3477,21357344847.4966,22388345810.2466,21948835350.3425,21765454404.421,13185496836.4124,11240809132.4145,12200912828.3695,13097011143.2874,11364133801.8914,10099158074.7273,12269392839.7472
GDP (current US$),NY.GDP.MKTP.CD,Eritrea,ERI,706370815.584416,752368495.512622,729321366.651861,870247703.182758,1109054005.43971,1098425900.74116,1211161879.6748,1317974491.05691,1380188800,1856695551.21951,1589515447.15447,2065001626.01626,..,..,..,..,..,..,..,..,..,..
GDP (current US$),NY.GDP.MKTP.CD,Estonia,EST,5686579747.53524,6254649538.98487,7367975887.72723,9874013098.46432,12145911801.2422,14106790200.2239,17022870405.2189,22449129482.617,24341678628.9732,19633031397.6104,19523477325.6235,23213994093.4631,23019150071.1867,25115753366.1114,26634083965.0987,22890762090.1508,24072829276.7744,26924385103.0659,30624720196.229,31081901909.2156,31370395572.7658,37191166151.98
GDP (current US$),NY.GDP.MKTP.CD,Eswatini,SWZ,1738100853.05052,1542477308.89408,1432228125.26682,2197612701.09852,2770082791.50412,3178126491.90949,3291353835.93,3469363996.36642,3294093485.20796,3580417066.92472,4438778424.30203,4820499924.2539,4886533032.88672,4597532029.70451,4422968339.67584,4063245671.29285,3816022046.82656,4402969225.92165,4665237415.12526,4495264160.86577,3982226055.38454,4743335152.94181
GDP (current US$),NY.GDP.MKTP.CD,Ethiopia,ETH,8242392103.68061,8231326016.47494,7850809498.16803,8623691300.04079,10131187261.4421,12401139453.9738,15280861834.6024,19707616772.7996,27066912635.2228,32437389116.038,29933790334.3418,31952763089.33,43310721414.0829,47648211133.2183,55612228233.5179,64589334978.8013,74296618481.0882,81770791970.982,84269348327.3454,95912590628.1412,107657734392.446,111271112329.975
GDP (current US$),NY.GDP.MKTP.CD,Faroe Islands,FRO,1067115339.41186,1160270582.01567,1275095950.44777,1501935425.11043,1724758391.61423,1759742533.64238,2017673370.55223,2339015742.96894,2489888389.79228,2296051036.20661,2331786419.1604,2505746270.04675,2427190332.32628,2690116268.71784,2913995545.65702,2573908649.0584,2813286391.25332,2980054218.60092,3188610521.64824,3275706960.14634,3248696901.60652,3649886275.07118
GDP (current US$),NY.GDP.MKTP.CD,Fiji,FJI,1678239218.26553,1652464201.00149,1833279985.36741,2300453634.34962,2708078476.63012,2980484920.16558,3076305452.86506,3378314599.76402,3523185919.55826,2870624635.68032,3140181443.83633,3779378133.89916,3972012570.53467,4189915666.57616,4857220601.80003,4682546881.15833,4930204219.71304,5353404418.66413,5581371847.61641,5481675173.38011,4477040340.45226,4296304590.01135
GDP (current US$),NY.GDP.MKTP.CD,Finland,FIN,126019543413.334,129533107311.811,140404460203.138,171652458349.411,197479443979.151,204885494686.381,217089269791.764,256378067752.158,285716311136.719,253497520828.515,249424310816.667,275604356167.316,258290060227.734,271362405890.589,274862826772.156,234534382384.766,240771351298.833,255647979916.471,275708001767.843,268514916972.549,271891788362.647,297301883523.251
GDP (current US$),NY.GDP.MKTP.CD,France,FRA,1365639660792.16,1377657339291.34,1501409382971.38,1844544792036.86,2119633181634.37,2196945232435.8,2320536221304.7,2660591246211.77,2930303780828.12,2700887366932.03,2645187882116.67,2865157541994.17,2683671716967.19,2811876903329.03,2855964488590.19,2439188643162.5,2472964344587.17,2595151045197.65,2790956878746.66,2728870246705.88,2639008701648.26,2957879759263.52
GDP (current US$),NY.GDP.MKTP.CD,French Polynesia,PYF,3599846538.85626,3573808314.66386,3965405961.3847,4927782568.43352,5564112127.52063,5705054692.09373,5877996247.88378,6631160061.09816,7136743972.79639,6584556511.65672,6086643040.44971,6203936563.33402,5692858773.21803,6031828532.37945,6151998957.96572,5325848045.4324,5497037292.63831,5833351477.8985,6135117589.07754,6001384759.57628,5709421968.74051,6054676735.37523
GDP (current US$),NY.GDP.MKTP.CD,Gabon,GAB,5080483463.99928,5023265365.25169,5335451307.54323,6511903657.44009,7770219479.72648,9582783318.3881,10327598800.6713,12455410055.7483,15571349775.7848,12113699660.6799,14372591916.4792,18210308748.2912,17170465294.0332,17595745653.3676,18203968001.8908,14383107714.0388,14023890620.3384,14929488770.7315,16867326389.8704,16874405460.1955,15314577167.8211,20216843173.9702
GDP (current US$),NY.GDP.MKTP.CD,"Gambia, The",GMB,782915402.421095,687408804.630527,578236035.104279,487038821.611959,961900106.892751,1027702254.38664,1054113426.70947,1279704744.82781,1561763437.0325,1450140385.97229,1543292392.54605,1409694553.90934,1415006238.09509,1375608956.10386,1229460601.92174,1378176868.31568,1484579844.37143,1504909753.28746,1670670668.5939,1813608279.65044,1812169483.72578,2038417462.37695
GDP (current US$),NY.GDP.MKTP.CD,Georgia,GEO,3057475335.18846,3219488663.77231,3395728013.84524,3991284895.37214,5125365191.98664,6410823633.25426,7745394293.41721,10172882370.5477,12795076469.0099,10766836276.5639,12243505582.6741,15107441446.7833,16488403076.3641,17189551520.9811,17627003454.7205,14953950557.4406,15141758566.7808,16242916915.7203,17596922469.9152,17470436258.5131,15842922532.7202,18629365597.0017
GDP (current US$),NY.GDP.MKTP.CD,Germany,DEU,1947981991011.77,1945790973803.15,2078484517474.51,2501640388482.35,2814353869359.08,2846864211175.1,2994703642023.53,3425578382921.58,3745264093617.19,3411261212652.34,3399667820000.01,3749314991050.59,3527143188785.16,3733804649549.03,3889093051023.52,3357585719351.56,3469853463945.53,3690849152517.65,3974443355019.6,3888226035921.56,3889668895299.62,4259934911821.64
GDP (current US$),NY.GDP.MKTP.CD,Ghana,GHA,4983024408.14828,5314909953.92992,6166330136.2948,7632406552.83803,8881368538.07671,10744675209.8984,20440893017.1566,24827844949.6033,28678701891.0957,26048108185.0534,32197272797.2028,39337314809.9434,41270954737.2459,62823043706.4702,54782847752.5375,49406568432.6711,56165172898.8695,60406382898.5174,67299280679.563,68337537815.7703,70043199813.6885,77594279054.8795
GDP (current US$),NY.GDP.MKTP.CD,Gibraltar,GIB,..,..,..,..,..,..,..,..,..,..,..,..,..,..,..,..,..,..,..,..,..,..
GDP (current US$),NY.GDP.MKTP.CD,Greece,GRC,130457756628.436,136309295225.34,154564203586.954,202370140236.265,240963562236.127,247875422204.414,273546728473.073,318902829550.733,355908689477.445,331308500253.274,297124961971.501,282995942006.557,242029307133.408,238907690051.13,235458133124.608,195683527003.375,193148146586.933,199844406013.531,212049447242.111,205257014892.502,188925995936.807,214873879833.648
GDP (current US$),NY.GDP.MKTP.CD,Greenland,GRL,1068030829.75591,1086172922.57413,1169138789.31435,1558753434.43083,1822486688.58807,1849805732.96203,2013099482.07439,2249811708.94796,2499107510.64122,2529948329.57153,2503156060.52524,2684467375.71479,2609667673.71601,2684952726.88425,2842048997.77283,2499115623.00272,2707146783.13056,2851610655.92391,3055791340.7025,2994332323.74726,3076015346.7541,..
GDP (current US$),NY.GDP.MKTP.CD,Grenada,GRD,520044370.37037,520444185.185185,540336925.925926,591018407.407407,599118592.592593,695555555.555555,698700666.666667,758683592.592593,825976037.037037,771275555.555555,771013259.259259,778655925.925926,799882259.259259,842620111.111111,911500000,997007407.407407,1061640740.74074,1125681481.48148,1166511111.11111,1213485185.18519,1043414814.81481,1122807407.40741
GDP (current US$),NY.GDP.MKTP.CD,Guam,GUM,..,..,3394000000,3569000000,3869000000,4213000000,4238000000,4397000000,4658000000,4828000000,4949000000,4984000000,5265000000,5399000000,5610000000,5799000000,5901000000,6013000000,6056000000,6366000000,5886000000,6123000000
GDP (current US$),NY.GDP.MKTP.CD,Guatemala,GTM,19288827158.9035,18405203853.1036,20444205991.025,21576351798.9145,23577286226.6407,26783543667.064,29744368110.9094,33567868322.6252,38503862830.6878,37125943564.9873,40676432028.5934,46876114650.4996,49593961141.7484,52996540703.5943,57852399963.7878,62186186575.7433,66053725049.0138,71654134378.5299,73328024537.1848,77170421167.5134,77625486978.2561,85985752107.4679
GDP (current US$),NY.GDP.MKTP.CD,Guinea,GIN,2995361140.63217,2829435956.51563,2950198648.95191,3446441698.00738,3635458132.65317,2937071767.25576,4220019242.74824,6281917655.90249,6964179193.84418,6716904568.76482,6853467857.61127,6785137172.77058,7638045254.42864,8376613843.27265,8778473614.54728,8794202443.67366,8595955581.21787,10324668266.5921,11857030336.5252,13442861443.7506,14177835816.2777,16091817842.2342
GDP (current US$),NY.GDP.MKTP.CD,Guinea-Bissau,GNB,371095510.047761,392621385.894576,417806667.07798,477458598.710737,532062927.382438,587029054.444652,592365688.05204,696910810.918663,868154708.520179,830126469.986608,849878424.225986,1099818651.98114,989271229.637162,1046087417.96916,1054915645.19654,1048229629.42039,1179004941.22904,1350177127.5523,1504630120.99275,1439638443.38133,1431758242.90375,1638517533.16504
GDP (current US$),NY.GDP.MKTP.CD,Guyana,GUY,712667896.727512,712167575.624277,726131434.715338,743064076.794567,787814379.183843,824880550.343965,2379818382.99241,2730971150.01134,3025187923.58617,3165663152.73351,3432913073.24154,3691384317.52178,4063089191.87525,4167800259.20888,4127659492.02031,4279840193.7046,4482697336.56174,4748174334.14044,4787636237.24043,5173760191.84652,5471256594.72422,8044498800.95923
GDP (current US$),NY.GDP.MKTP.CD,Haiti,HTI,6813577558.17628,6331961555.40914,6058134466.75258,4826827577.08641,6036959914.72398,7184064657.2953,7518107786.51149,9522763153.81366,10485225353.1801,11597014807.3496,11859315078.7902,13008754110.8113,13708926466.2732,14902474090.615,15139264670.4225,14833154471.7456,13987693738.923,15035560372.6443,16455034352.7671,14785839382.9002,14508218017.4032,20944392615.0803
GDP (current US$),NY.GDP.MKTP.CD,Honduras,HND,7186650135.43927,7651174661.42872,7858235333.4834,8230387552.2259,8869311410.95131,9757034456.7578,10917481688.4711,12361257680.5627,13881701033.6546,14587496229.1811,15839344591.9842,17710315005.9999,18528601901.324,18499710127.8385,19756494434.7031,20979767785.2104,21717622071.3816,23136232229.6069,24067778953.842,25089976946.7736,23827840809.7014,28488668301.6401
GDP (current US$),NY.GDP.MKTP.CD,"Hong Kong SAR, China",HKG,171668164082.555,169403241524.337,166349228737.386,161384522525.299,169099768875.193,181570082162.19,193536265094.364,211597405593.868,219279678430.164,214046415026.187,228637697575.04,248513617677.287,262629441493.476,275696879834.966,291459356985.337,309383627028.561,320858250776.188,341273289534.466,361731070995.726,363052489184.395,344932192028.051,369176400967.427
GDP (current US$),NY.GDP.MKTP.CD,Hungary,HUN,47218405892.4258,53749989092.0197,67608919144.3684,85285062818.0077,104120820258.669,113211158292.936,115715618613.052,140186716681.425,158325614580.628,131069255620.567,132175349953.713,141942264554.475,128814279315.132,135684315697.713,141033843265.669,125174166987.372,128609822750.039,143112196040.326,160564628963.713,163988594921.902,157182045260.23,181848022233.89
GDP (current US$),NY.GDP.MKTP.CD,Iceland,ISL,9025660361.75842,8234846804.60582,9318395054.85934,11429333037.8443,13825302535.7699,16852963067.0496,17465318552.2941,21652505596.7528,18074622987.0185,13154414219.207,13751161917.7398,15221622925.9319,14751508133.5443,16125060515.3117,17867662177.8911,17517210519.0912,20793168030.9524,24728285177.4603,26264127686.6137,24826102119.6357,21694674809.9321,25602419210.3374
GDP (current US$),NY.GDP.MKTP.CD,India,IND,468394937262.37,485441014538.638,514937948870.08,607699285433.872,709148514804.659,820381595512.902,940259888792.141,1216735441524.86,1198895582137.51,1341886602798.69,1675615335600.56,1823049927772.05,1827637859506.25,1856722121394.42,2039127446299.3,2103587813812.75,2294797980509.01,2651472946375.05,2702929718960.46,2831552222519.99,2667687951796.5,3176295065497.24
GDP (current US$),NY.GDP.MKTP.CD,Indonesia,IDN,165021012077.81,160446947784.909,195660611165.183,234772463823.808,256836875295.452,285868618224.017,364570514304.85,432216737774.861,510228634992.258,539580085612.401,755094160363.071,892969107923.094,917869910105.749,912524136718.018,890814755233.225,860854235065.079,931877364177.742,1015618742565.81,1042271531011.99,1119099868265.25,1058688935454.78,1186092991320.04
GDP (current US$),NY.GDP.MKTP.CD,"Iran, Islamic Rep.",IRN,109591707802.216,126878750295.944,128626917503.72,153544751395.43,190043433964.841,226452138291.542,266298911661.144,349881601458.56,412336172446.849,416397025729.361,486807615326.147,626133114526.806,644035510447.901,492775565649.562,460382791826.34,408212918053.939,457954614142.539,486630146443.617,331682036227.963,283746685180.338,239735571102.495,359713152725.063
GDP (current US$),NY.GDP.MKTP.CD,Iraq,IRQ,48364250943.9051,36176430128.8057,32928454672.4246,21921569478.8163,36627901762.063,49954890353.2609,65140147197.1215,88837055195.2619,131614433712.245,111657581662.35,138516722649.573,185749664444.444,218002481737.691,234637675128.645,228415656174.957,166774109673.732,166602488747.885,187217660050.676,227367469034.031,233636097800.338,184369797315.436,207889333724.138
GDP (current US$),NY.GDP.MKTP.CD,Ireland,IRL,100207610429.909,109346669229.695,128596035288.401,164670771259.602,194372115041.065,211876989655.907,232180617162.279,270079279419.5,275447471451.063,236443115853.695,221913560882.367,239003132208.133,225628699652.993,238340859896.937,259170903647.536,291775166506.891,299091127524.505,336377500160.546,385736680797.118,399321701632.431,425852281928.121,504182603275.542
GDP (current US$),NY.GDP.MKTP.CD,Isle of Man,IMN,1563667799.61578,1659131243.73837,1947332921.74718,2328658227.8481,2822358473.16983,3032400000,3422651333.94664,4466100440.17607,5928420955.88235,5487083657.89064,5920177688.50433,6566098381.6696,6690725118.48341,7000748788.49461,7708834951.45631,7085288006.11154,6846691871.45558,6979581724.58172,7491969312.87525,7315388052.08067,..,..
GDP (current US$),NY.GDP.MKTP.CD,Israel,ISR,136035771711.672,134635822098.58,125060622862.932,131299915899.958,139973148371.263,147083996033.603,158670456932.537,184052121662.082,220531065217.391,211970040942.96,238364092298.023,266791854430.897,262282344091.849,297732778479.129,314330061977.263,303414276832.04,322102790386.835,358245427458.541,376691526553.276,402470513619.148,413267669231.522,488526545878.891
GDP (current US$),NY.GDP.MKTP.CD,Italy,ITA,1146676894209.73,1168023426056.38,1276769338449.3,1577621707050.51,1806542968545.56,1858217147203.73,1949551719389.64,2213102482751.46,2408655348718.59,2199928804118.63,2136099955236.67,2294994296589.5,2086957656821.6,2141924094298.56,2162009615996.54,1836637711060.55,1877071687633.78,1961796197354.36,2091932426266.98,2011302198827.45,1896755301518.14,2107702842669.73
GDP (current US$),NY.GDP.MKTP.CD,Jamaica,JAM,9005064474.93003,9194717835.99985,9719017925.92929,9430230564.4699,10174664853.9476,11243868485.7428,11930171468.3796,12799593017.7101,13709402085.3206,12120460872.8003,13220556882.7046,14444655299.8772,14807086889.2099,14264202737.3082,13899228824.2161,14188935947.5694,14077109396.8584,14808989993.3185,15730793852.7913,15830768549.8916,13812425036.5864,14657586937.0735
GDP (current US$),NY.GDP.MKTP.CD,Japan,JPN,4968359075956.59,4374711694090.87,4182846045873.61,4519561645253.53,4893116005656.56,4831467035389.8,4601663122649.92,4579750920354.81,5106679115127.3,5289493117993.89,5759071769013.11,6233147172341.35,6272362996105.03,5212328181166.18,4896994405353.29,4444930651964.18,5003677627544.24,4930837369151.42,5037835383110.97,5123318151510.62,5040107754084.11,4940877780755.33
GDP (current US$),NY.GDP.MKTP.CD,Jordan,JOR,8460789844.8519,8975599435.82511,9582510578.27927,10195627644.5698,11411706629.055,12588998589.5628,15056981664.3159,17110437235.543,22657662394.9553,24537876123.688,27133804244.3669,29524149164.8994,31634561670.4356,34454440180.6582,36847643587.2383,38587017944.3352,39892551148.8301,41608435921.7904,43370860549.1337,44993992365.1297,44182298291.8206,45744271658.9141
GDP (current US$),NY.GDP.MKTP.CD,Kazakhstan,KAZ,18291994909.0044,22152694161.8882,24636593223.3467,30833699702.7594,43151647002.6096,57123671733.8952,81003884545.4099,104849886825.584,133441612246.798,115308661142.927,148047348240.643,192626507971.584,207998568865.789,236634552078.102,221415572819.5,184388432148.715,137278320084.171,166805800595.704,179339994859.384,181667190075.541,171082379532.988,197112255360.612
GDP (current US$),NY.GDP.MKTP.CD,Kenya,KEN,12705357103.0056,12986007425.8781,13147743910.7241,14904517649.8476,16095337093.8366,18737897744.7948,25825524820.8064,31958195182.2406,35895153327.8497,42347217912.9176,45405587556.7313,46869457318.2541,56396706005.9435,61671425370.0235,68285768554.472,70120413328.7838,74815121314.9381,82035800868.187,92202956320.532,100379713697.421,100666542665.72,110347079517.356
GDP (current US$),NY.GDP.MKTP.CD,Kiribati,KIR,67254174.3970315,63101272.3699183,72196457.6768445,90231856.8000519,102367039.270481,112133944.253532,110234939.759036,132671742.950381,141042610.300285,132419903.291218,155299761.511649,180665807.117071,189630151.170015,184550782.004248,177862267.892555,170291037.487792,178509812.667261,188192060.085837,196230573.819486,177935349.322211,180911843.644622,207031250
GDP (current US$),NY.GDP.MKTP.CD,"Korea, Dem. People's Rep.",PRK,..,..,..,..,..,..,..,..,..,..,..,..,..,..,..,..,..,..,..,..,..,..
GDP (current US$),NY.GDP.MKTP.CD,"Korea, Rep.",KOR,576178114168.494,547658231279.87,627246081417.004,702717332012.991,793175007858.066,934901071332.984,1053216909887.56,1172614086539.86,1047339010225.25,943941876218.743,1144066965324.49,1253223044718.99,1278427634342.59,1370795199976.18,1484318219633.63,1465773245547.15,1500111596236.37,1623901496835.79,1724845615629.26,1651422932447.77,1644312831906.17,1810955871380.98
GDP (current US$),NY.GDP.MKTP.CD,Kosovo,XKX,..,..,..,..,..,..,..,..,5181776768.71247,5015894692.97027,5344014317.91065,6341737193.76392,6163785172.81254,6735731172.79851,7074657898.23303,6295820481.52668,6682832632.27806,7180813375.50836,7878508502.59802,7899879086.43081,7716925356.12536,9412034299.23122
GDP (current US$),NY.GDP.MKTP.CD,Kuwait,KWT,37712842242.5033,34887512226.9319,38137545245.1464,47876510067.1141,59439090600.6108,80798630136.9863,101548931771.192,114639690358.902,147395089285.714,105963168867.269,115419399860.433,154068115942.029,174070382279.385,174161142454.161,162631412508.784,114567298105.683,109419728566.7,120707435542.367,138182400493.585,136196760180.976,105960225688.145,..
GDP (current US$),NY.GDP.MKTP.CD,Kyrgyz Republic,KGZ,1369688498.06778,1525116370.27939,1605643104.73021,1919008090.49641,2211534585.0034,2460248026.17783,2834168889.42019,3802566170.81543,5139957784.91084,4690062255.12247,4794357795.07139,6197766118.59856,6605139933.41063,7335027591.91628,7468096566.71158,6678178340.45121,6813092065.83507,7702934800.12836,8271108638.39931,8871026074.19762,7780874536.66054,8543423502.6134
GDP (current US$),NY.GDP.MKTP.CD,Lao PDR,LAO,1731198022.45494,1768619058.34647,1758176653.07746,2023324407.30316,2366398119.8821,2735558726.25625,3455031447.60194,4223152219.2439,5446434031.69042,5836138127.06562,7131773632.71369,8750107401.57872,10192848926.2582,11983252611.2727,13279248478.8161,14426381187.0894,15912495368.8717,17071162084.4067,18141651381.3884,18740559554.1632,18981800705.0794,18827148509.5798
GDP (current US$),NY.GDP.MKTP.CD,Latvia,LVA,7958852838.93395,8362398701.58943,9557031605.27512,11771975156.8073,14435700533.368,17003459863.0989,21570076498.6205,31054350977.9784,35854274228.9139,26410909090.9091,23956163076.5575,27474380566.265,28169902669.3784,30204783461.8488,31386896487.0407,27263090547.0617,28083597512.4841,30483806017.8318,34429023435.0211,34343961072.8235,34601740323.3386,39853501579.8211
GDP (current US$),NY.GDP.MKTP.CD,Lebanon,LBN,17260364842.4544,17649751243.7811,19152238805.9701,20082918739.6352,21159827992.0398,21497336498.9718,22022709851.5423,24827355014.66,29118916105.6053,35399582928.6236,38443907042.3217,39927125961.194,44016799515.8209,46880103080.6634,48095213746.4677,49929337837.0813,51147308773.9304,53027680685.8375,54901519155.6219,51953744530.2445,31712128253.7961,23131940280.7316
GDP (current US$),NY.GDP.MKTP.CD,Lesotho,LSO,887295267.875155,825706961.238689,775780697.676625,1157832934.55127,1511236655.52047,1682350934.85132,1800105589.60349,1682016947.22798,1766825412.77296,1740830510.87482,2234731973.55119,2579421686.24912,2477702252.80078,2367113170.00373,2441053175.70743,2359759799.04224,2114428033.39316,2306741845.41948,2553495915.79202,2453980835.24819,2231214507.47611,2496134680.31694
GDP (current US$),NY.GDP.MKTP.CD,Liberia,LBR,874000000,906000000,927000000,748000000,897000000,949000000,1119000000,1373000000,1726000000,1768000000,1998000000,2398000000,2791614000,3177198100,3225652000,3227075700,3398419600,3390703400,3422754800,3319596500,3039982500,3509000000
GDP (current US$),NY.GDP.MKTP.CD,Libya,LBY,38270206950.41,34110064452.1567,20481889763.7795,26265625000,33122307692.3077,47334148578.4164,60092950669.9147,68035403136.3852,86708074534.1615,60810211408.0574,75380170508.3675,48167374611.9915,92538004279.9398,75350633010.9303,57372445771.7699,48717854039.9653,49910960874.5685,67158415841.5842,76684175824.1758,69252306372.0232,50357312594.5129,42817472975.3677
GDP (current US$),NY.GDP.MKTP.CD,Liechtenstein,LIE,2483953102.79488,2491822706.80256,2688630822.53304,3070691319.52179,3454362685.96703,3659251525.8593,4000239272.61126,4601299566.81106,5081432924.0144,4504549214.22663,5082366478.08994,5739977477.47748,5456009384.66461,6391735893.83968,6657170923.37918,6268391521.19701,6237264055.20601,6474256118.61481,6692504346.04765,6427248943.44939,6113951011.71459,..
GDP (current US$),NY.GDP.MKTP.CD,Lithuania,LTU,11524776866.6379,12237388001.7264,14259781159.0119,18781721376.1985,22627507451.5648,26097677571.8373,30183575103.5262,39697891351.9431,47797551587.8823,37388122046.1496,37128694028.243,43535051482.3869,42927454291.478,46523420074.4372,48533659592.1728,41435533340.3883,43047309305.7363,47758736931.7801,53751411409.4447,54751510087.7803,56846622904.4391,66445256585.3671
GDP (current US$),NY.GDP.MKTP.CD,Luxembourg,LUX,21230182989.3036,21387533703.2327,23649833332.1655,29667268248.1305,35064843792.8993,37672280120.4794,42910146296.0646,51587401415.7872,58844277701.5258,54467289897.5582,56213985987.4168,61696281326.2453,59776383527.3602,65203276466.9763,68804811897.6445,60071584216.1375,62216885435.9488,65712180342.9836,71000359760.4611,69825641851.0117,73992591285.3029,85506243833.7816
GDP (current US$),NY.GDP.MKTP.CD,"Macao SAR, China",MAC,6774193548.3871,6860272608.45211,7371723056.2402,8246521717.44876,10643215078.1581,12160002995.8433,14874147024.2708,18439876056.1978,21027044550.5667,21587740941.5979,28241858488.9155,36845925519.4433,43189526777.5567,51536304807.6803,54903031137.7096,45047964934.2517,45070605746.0194,50440941938.6992,55284360483.1217,55204758069.5124,25459563655.4806,30123914808.5691
GDP (current US$),NY.GDP.MKTP.CD,Madagascar,MDG,4629247090.97816,5438332738.10373,5351701534.15801,6372498719.84613,5064732715.72615,5859269849.14523,6395712392.23682,8524620739.24074,10725137930.8286,9616879571.46431,9982711338.11814,11551819617.6271,11578974887.9562,12423555269.3893,12522957228.1764,11323020828.5758,11848613735.1933,13176313593.5509,13760033096.5211,14104664514.8681,13051441059.3338,14472603322.5571
GDP (current US$),NY.GDP.MKTP.CD,Malawi,MWI,1743506531.32652,1716502862.2954,3495748397.63025,3208837077.25069,3476094498.87517,3655909664.1423,3998020176.67364,4432937045.79897,5321012192.33619,6191127665.1963,6959655570.89098,8004000737.30717,6028487928.83351,5518880768.57955,6047813437.31804,6373212640.84604,5433040159.88747,8943543677.18899,9880675785.93057,11025371147.1876,12182348212.7073,12626717491.8941
GDP (current US$),NY.GDP.MKTP.CD,Malaysia,MYS,93789736842.1053,92783947368.4211,100845526315.789,110202368421.053,124749473684.211,143534102611.497,162691238209.476,193547824063.3,230813897715.69,202257625195.063,255016609232.871,297951960784.314,314443149443.149,323277158906.979,338061963396.376,301354756113.174,301255454041.415,319112175611.571,358791603677.728,365175135787.568,337337932675.152,372980957208.023
GDP (current US$),NY.GDP.MKTP.CD,Maldives,MDV,624337145.284622,870030468.628748,897031250,1052121054.6875,1226829562.5,1163362437.5,1575200390.625,1868383460.9375,2271646187.5,2345294875,2588176054.6875,2774351760.03287,2886170571.69634,3295011381.75405,3697351596.83753,4109424799.72407,4379136461.83077,4754175869.24027,5300962659.51088,5609400721.62268,3746321936.37729,5405576235.79462
GDP (current US$),NY.GDP.MKTP.CD,Mali,MLI,2961484953.73364,3468337909.17148,3908121459.12749,4714072191.04621,5454249456.70519,6247515449.73015,6905934548.38354,8156469132.86716,9838404004.93274,10231962890.6125,10689167195.3375,12995113407.2335,12442036265.1484,13242691429.5942,14364937996.8661,13104764333.9941,14026048690.7312,15365711725.0672,17070866299.0945,17280251193.9527,17465392915.9153,19140461605.8227
GDP (current US$),NY.GDP.MKTP.CD,Malta,MLT,4323339212.2281,4355146427.54937,4693495693.49569,5489359280.75566,6116591928.25112,6407287650.7897,6778321415.12985,7925403777.71694,9090376446.46258,8696304529.03584,9035927349.8608,9638919821.82628,9462289605.55056,10551600478.1511,11626278729.9057,11091423499.3898,11668253265.4417,13489380930.8631,15298771846.9532,15725847979.4022,14933066818.9606,17364044943.8202
GDP (current US$),NY.GDP.MKTP.CD,Marshall Islands,MHL,115347500,122824000,131738200,131398500,132934600,137666300,142745200,149870000,145969100,150624900,160318500,171567100,179855800,185468000,185172900,182997300,200716000,212701200,219330300,232092300,241722400,259538700
GDP (current US$),NY.GDP.MKTP.CD,Mauritania,MRT,1779523344.34106,1746064718.79169,1777058592.98812,2051147606.73687,2362501023.24249,2936019525.60241,3919577285.92703,4346206808.54026,5206444406.66154,4714592492.92972,5628882266.37767,6764635686.79345,6728208836.22143,7223063169.72749,6592537781.81518,6166857628.62212,6398738829.24531,6800141921.64137,7473550557.07378,8066126312.31807,8405491201.74674,9996249658.23982
GDP (current US$),NY.GDP.MKTP.CD,Mauritius,MUS,4663313620.01707,4613630622.77501,4841310239.63687,5816553826.85519,6578844486.06288,6488750452.60067,7028803365.70151,8150138757.15741,9990370016.30771,9128843109.15588,10003670690.3497,11518393367.2403,11668685524.1265,12292957324.4217,13074137210.3352,12007291045.6489,12594149440.5195,13713509312.2669,14735695930.9727,14436353897.9802,11401050654.5624,11529042672.3528
GDP (current US$),NY.GDP.MKTP.CD,Mexico,MEX,707906744574.644,756706300589.791,772106378935.377,729336319677.449,782240601984.76,877476221382.101,975387131716.089,1052696282278.87,1109989063586.62,900045350649.351,1057801295584.05,1180489601957.61,1201089987015.45,1274443084716.57,1315351183524.54,1171867608197.72,1078490651625.31,1158913035796.37,1222408203104.3,1269011767478.56,1090515389749.41,1272839334119.3
GDP (current US$),NY.GDP.MKTP.CD,"Micronesia, Fed. Sts.",FSM,233271800,240970900,242517200,245432900,240236000,250281900,253541900,256787200,263145100,280284600,296944100,311301600,327248700,317214400,319271200,316489900,332265200,366666800,401932300,412000000,408000000,404028900
GDP (current US$),NY.GDP.MKTP.CD,Moldova,MDA,1288429391.79951,1480673594.05602,1661818168.4226,1980907434.76826,2598249555.89984,2988348836.471,3408244549.19999,4401189466.14058,6054849884.52656,5439422031.39627,6974982392.67155,8414351671.95869,8709138764.75916,9496717702.44839,9510198961.57287,7745241912.94722,8071469355.2527,9669741744.22001,11457443185.0542,11971345002.7757,11859730543.5525,13679221333.2052
GDP (current US$),NY.GDP.MKTP.CD,Monaco,MCO,2647885848.5351,2718868306.01093,2968987019.23077,3601321064.55266,4137913500,4203084193.50827,4582988332.70606,5867916780.72817,6476490405.74191,5451653237.01028,5367625613.15127,6088808463.25167,5743029680.07195,6555983530.34932,7069616048.89066,6261622101.40908,6472990923.1791,6431314957.07185,7194024563.06094,7383745662.15157,6739691604.79726,8596096984.03312
GDP (current US$),NY.GDP.MKTP.CD,Mongolia,MNG,1136896123.61298,1267997934.3125,1396555719.97409,1595297355.78349,1992066808.09598,2523471532.01083,3414055566.1138,4234999823.30839,5623216448.86852,4583850367.88972,7189481824.07288,10409797649.3063,12292770631.1967,12582122604.1921,12226514722.0861,11619892396.0767,11181350461.4723,11480847745.3187,13178094459.4548,14206359006.8095,13312981594.573,15286441818.1437
GDP (current US$),NY.GDP.MKTP.CD,Montenegro,MNE,984297589.359934,1159869245.92513,1284685050.52413,1707710053.14938,2073234417.68066,2257174480.78597,2721903148.91482,3680711743.77224,4545674527.61096,4159330369.5471,4143033275.88493,4544516982.18263,4087725812.66864,4466039314.65002,4594024179.62003,4054712082.54743,4377033429.26721,4856632399.45775,5506766650.92111,5542053845.29274,4769860740.74074,5861268038.7982
GDP (current US$),NY.GDP.MKTP.CD,Morocco,MAR,38857251336.3448,39459581217.3759,42236836820.6152,52064058833.9739,59626020162.3816,62343022650.8742,68640825480.9223,79041294874.4553,92507257783.5697,92897320375.8176,93216746661.5977,101370474295.109,98266306615.3632,106825649872.108,119131365761.393,110414366621.263,111572673973.999,118540548906.314,127341174715.803,128919944681.869,121348138320.276,142866329198.42
GDP (current US$),NY.GDP.MKTP.CD,Mozambique,MOZ,5656473652.41147,5398568543.63492,5677003239.29386,6303391143.83386,7631120533.36168,8542070109.70903,9176889070.42298,10450843291.2931,12556195188.5962,11914471497.1492,11104648673.0016,14381552432.9494,16350804543.0515,16974320551.0213,17716084107.5888,15950969018.9458,11936999283.1791,13219084261.3664,14845402473.5521,15390039241.674,14028811071.7628,15776758632.8573
GDP (current US$),NY.GDP.MKTP.CD,Myanmar,MMR,6849321645.95623,6220270632.33592,6110632857.66584,7754647428.07323,9390855297.73553,10588433068.8549,11863016315.2934,15591182544.7092,23013015832.1023,29455165594.6859,37796052938.7278,54118601974.7947,58318677644.9492,60572257122.2962,63264892768.3726,63045305229.1046,60291736893.9397,61449392056.1488,67144725830.5753,68697759361.231,78930257227.0908,65091751273.2879
GDP (current US$),NY.GDP.MKTP.CD,Namibia,NAM,3922247989.85562,3557333364.30795,3349184760.02543,4926471294.30116,6609198832.76313,7248394160.35502,8001779551.06323,8839526451.57632,8607475308.11833,8938868165.39165,11431334447.4305,12523402328.7671,13042007432.4489,12043276401.4161,12435416063.4689,11335179560.987,10721994676.2429,12895153157.3463,13682062250.8152,12541928104.6242,10581585630.0773,12310595843.9353
GDP (current US$),NY.GDP.MKTP.CD,Nauru,NRU,..,..,..,..,..,..,..,..,..,..,47564520.3910861,66055407.6703145,96927201.4848422,98491843.6441982,104654365.188653,86529661.3694983,99723394.9628767,109359680.217211,124021393.690412,118724073.809183,114626625.553023,133218896.932607
GDP (current US$),NY.GDP.MKTP.CD,Nepal,NPL,5494252207.90502,6007055042.17687,6050875806.66403,6330473096.54071,7273938314.71988,8130258041.46706,9043715355.8881,10325618017.379,12545438605.3959,12854985464.0764,16002656434.4746,21573862466.8268,21703106501.9674,22162208956.1412,22731602969.9687,24360795410.6422,24524098184.648,28971589213.2184,33111525871.9538,34186190995.9565,33433670511.9364,36288830373.4106
GDP (current US$),NY.GDP.MKTP.CD,Netherlands,NLD,417479337444.707,431586852369.686,473861980070.981,580070360701.96,658380081545.175,685348181515.953,733955269898.823,848558887541.179,951869997864.062,871518638049.218,847380859016.668,905270626332.687,838923319919.531,877172824534.512,892167986713.722,765572770634.375,784060430240.08,833869641687.06,914043438179.607,910194347568.626,909793466661.481,1012846760976.73
GDP (current US$),NY.GDP.MKTP.CD,New Caledonia,NCL,3420033046.95784,3297734668.3899,3740057132.98621,4915355784.02368,5895011251.5675,6238632283.76502,6979153331.71296,8819922042.42417,9067623001.04885,8704436169.14341,9364347372.04626,10351442208.992,9659153061.35633,10151385305.7645,10635039738.6899,8738205836.7394,8724570249.74306,9173668102.13844,9846922416.14776,9438130987.37298,9435529927.2471,10071351960.0477
GDP (current US$),NY.GDP.MKTP.CD,New Zealand,NZL,52623281956.7031,53872425916.6248,66627729311.4495,88250885550.2626,103905210084.034,114720129550.095,111538810712.665,137188946865.584,133131369930.414,121373602348.679,146517541181.254,168291357111.739,176206659722.524,190906575136.003,201313497220.917,178064471137.921,188838342527.975,206623758800.159,211953111035.513,213434571357.984,211734532308.013,249885687029.634
GDP (current US$),NY.GDP.MKTP.CD,Nicaragua,NIC,5107329007.0922,5323146565.70315,5224213017.54386,5322454925.84746,5795568204.64532,6321335612.22233,6763361732.88486,7423313548.52698,8496946608.23151,8298679908.55232,8758639096.47693,9774307336.23792,10532006608.1447,10982979274.1922,11880434070.7811,12756706583.3113,13286083644.8761,13785909906.1925,13025239912.2751,12596636042.2321,12586970511.4131,14013022092.0645
GDP (current US$),NY.GDP.MKTP.CD,Niger,NER,2241753120.21267,2448714680.56221,2782192986.95772,3394084884.67098,3760443965.72976,4383315656.99096,4756361479.98873,5731485267.33492,7297600896.86099,7352131669.2941,7851191899.3408,8772951261.81807,9426913349.22319,10224897934.722,10862944203.5591,9683867893.68343,10398862244.9737,11185102399.5762,12808660528.0617,12916455161.1081,13744174689.9681,14915001426.9724
GDP (current US$),NY.GDP.MKTP.CD,Nigeria,NGA,69448756932.5833,72797282065.0415,95054094655.3277,104738980156.958,135764715375.206,175670536601.006,238454952231.572,278260808841.03,339476215683.592,295008767295.038,366990528103.078,414466540786.738,463971000388.612,520117163617.721,574183825592.358,493026782401.561,404649048648.026,375745732274.676,421739210176.152,448120015209.524,432198936002.177,440833583992.485
GDP (current US$),NY.GDP.MKTP.CD,North Macedonia,MKD,3772857145.0248,3709637829.94866,4018365247.44444,4946292774.79046,5682788267.12865,6258600713.82627,6861222331.96317,8336478142.08872,9909548410.82744,9401731495.71661,9407168702.4313,10494632699.3859,9745251126.0109,10817712138.9451,11362272837.8818,10064515432.0265,10672471860.7184,11307058382.3435,12683070061.4695,12606338448.547,12363580534.6811,13825049831.7959
GDP (current US$),NY.GDP.MKTP.CD,Northern Mariana Islands,MNP,..,..,1284000000,1239000000,1210000000,1061000000,990000000,938000000,939000000,795000000,799000000,729000000,746000000,772000000,832000000,910000000,1230000000,1560000000,1302000000,1182000000,..,..
GDP (current US$),NY.GDP.MKTP.CD,Norway,NOR,171247131268.604,173972218824.027,195524186477.617,228858506821.841,264511630666.983,308884284051.222,345581369965.54,400937100158.657,462250000000,386190385318.767,428757038466.841,498283438454.281,509506317146.541,522761531914.894,498410050251.256,385801550067.169,368827142857.143,398393955268.99,436999692591.454,404941363636.364,362198318435.26,482174854481.956
GDP (current US$),NY.GDP.MKTP.CD,Oman,OMN,19507452535.7607,19452000520.156,20142756046.814,21633708192.4577,24763712873.8622,31081991677.5033,37215779713.9142,42085379453.8362,60905452535.7607,48388363589.0767,64993498049.4148,77497529258.7776,87408842652.7958,89936020806.2419,92699089726.9181,78710793237.9714,75128738621.5865,80856697009.1027,91505851755.5267,88060858257.4772,75909397659.2978,88191977373.212
GDP (current US$),NY.GDP.MKTP.CD,Pakistan,PAK,82017743416.2841,79484403984.8849,79904985384.8652,91760542940.0717,107759683863.123,120055291992.938,137264061106.043,152385716311.916,170077814106.305,168152775283.032,177165635077.065,213587413183.996,224383620829.57,231218567178.979,244360888750.807,270556131701.171,313629858859.587,339205615769.187,356128224957.085,320909489229.723,300425666773.043,348262544719.178
GDP (current US$),NY.GDP.MKTP.CD,Palau,PLW,146297500,156907900,163184900,153963200,165186200,190452900,192382400,198897700,198283900,187522800,185943000,196911100,212397800,221117200,241669800,280457700,298300000,285600000,284900000,278900000,251900000,217800000
GDP (current US$),NY.GDP.MKTP.CD,Panama,PAN,12304115000,12502013400,12994310400,13693981200,15013381700,16374393900,18141666300,21295984200,25155888600,27116635600,29440287600,34686224300,40429700000,45599900000,49921400000,54091800000,57907700000,62202700000,64929400000,66984400000,53977000000,63605100000
GDP (current US$),NY.GDP.MKTP.CD,Papua New Guinea,PNG,3521339699.07407,3081024212.42924,2999511040.19764,3536411824.2958,3927157866.96465,4865892972.27595,8355006706.57899,9545177014.1301,11670840931.8173,11619637798.991,14250755231.1257,17984910501.8979,21295659243.6168,21261432791.2675,23210682538.3928,21723531173.2409,20759069103.0961,22742613553.6879,24109509852.7402,24751344560.8856,23848265895.9538,26594305745.554
GDP (current US$),NY.GDP.MKTP.CD,Paraguay,PRY,8855705139.55857,8495806432.18467,7196260656.84556,7691367471.17992,9624440836.29309,10737500188.1123,13429430050.261,17856393235.4338,24615267663.5456,22355151161.994,27260886405.2263,33756238766.5,33271921136.315,38501122141.4241,40377929295.6419,36211447840.0971,36089700222.9461,38997129473.5558,40225448340.6322,37925338329.1494,35432178068.1814,39495431574.1782
GDP (current US$),NY.GDP.MKTP.CD,Peru,PER,51744749133.213,52030158775.4055,54777553515.0809,58731030121.8671,66768703497.5687,76060606060.6061,88643193061.748,102170981144.136,120550599815.441,120822986521.479,147528937028.778,171761737046.585,192648999090.082,201175469114.327,200789362451.567,189805300841.603,191895943823.887,211007207483.515,222597212925.211,228323495040.901,201705055938.653,223249497500.387
GDP (current US$),NY.GDP.MKTP.CD,Philippines,PHL,83669693589.1547,78921234457.5487,84307291973.8158,87039145965.2826,95002028504.6904,107419961717.693,127652859201.041,155980378253.634,181624577154.679,175974711592.145,208368726861.407,234216930369.796,261920509950.555,283902728260.716,297483247101.038,306446140628.709,318626761492.867,328480867142.69,346842094175.24,376823278560.849,361751116292.541,394086401171.168
GDP (current US$),NY.GDP.MKTP.CD,Poland,POL,172219461126.067,190905493539.168,199072058823.529,217827260805.842,255110181539.808,306144336269.51,344622003093.581,429028505365.078,533609081852.897,439737508413.192,475696613935.595,524382678547.32,495236910793.797,515764728216.161,539087652559.835,477111287969.227,470022572790.91,524645833884.582,588782567765.872,596054591863.312,599449188399.108,679444832854.295
GDP (current US$),NY.GDP.MKTP.CD,Portugal,PRT,118605192877.388,121604107164.997,134795565549.419,165226175536.793,189382122532.169,197253876704.921,208756449275.848,240496147317.381,263416394624.084,244667762835.543,238113003233.284,245117990242.248,216224240577.957,226433858005.714,229901964221.884,199394066525.44,206426152308.931,221357874718.93,242313116577.967,239986922638.902,229031860520.777,253663144586.019
GDP (current US$),NY.GDP.MKTP.CD,Puerto Rico,PRI,61701800000,69208400000,71623500000,74827400000,80322313000,83914521300,87276164400,89524131600,93639300000,96385600000,98381300000,100351700000,101564800000,102450000000,102445800000,103375500000,104336700000,103445526000,100958100000,105126400000,103020300000,106525700000
GDP (current US$),NY.GDP.MKTP.CD,Qatar,QAT,17759890109.8901,17538461538.4615,19363736263.7363,23533791208.7912,31734065934.0659,44530494505.4945,60882142857.1429,79712087912.0879,115270054945.055,97798351648.3516,125122306346.154,167775268626.374,186833502362.637,198727642967.033,206224598571.429,161739955576.923,151732181868.132,161099122225.275,183334953818.681,175837550989.011,144411363345.27,179677211793.938
GDP (current US$),NY.GDP.MKTP.CD,Romania,ROU,37253259016.9976,40394824679.1232,46066101951.2933,57806506024.0964,74972669056.5922,98452791982.7024,122022997508.01,174585202805.233,214313628965.024,174103695930.213,170029359010.667,192614085153.841,179132893143.417,189790228071.757,199712289501.971,177882417554.984,185286854552.621,210146748920.419,243317079358.636,251019278416.197,251362040527.804,284087563695.798
GDP (current US$),NY.GDP.MKTP.CD,Russian Federation,RUS,259710142196.943,306602070620.5,345470494417.863,430347770731.787,591016690742.798,764017107992.391,989930542278.695,1299705764823.62,1660846387624.78,1222644282201.86,1524917468442.01,2045925608274.37,2208295773643.15,2292473246621.08,2059241965490.83,1363481063446.77,1276786979221.81,1574199387070.9,1657329646183.62,1693113904262.89,1489362488439.76,1778782625793.74
GDP (current US$),NY.GDP.MKTP.CD,Rwanda,RWA,2067579822.43604,1965500949.34016,1964832511.92978,2137156726.89736,2375376873.10914,2932340855.31852,3318107347.2799,4068224991.08702,5177230923.28829,5671592572.19972,6121529488.49049,6881379761.83833,7650671476.94976,7815975293.67372,8234762201.03869,8539424910.07969,8690878327.95492,9252834120.39358,9642440645.81148,10356327149.4262,10184345442.1708,11070356519.4804
GDP (current US$),NY.GDP.MKTP.CD,Samoa,WSM,258856139.798489,266299591.479428,281793623.822826,333428715.810751,407749562.600602,476801793.159429,499923757.780736,573548459.833372,641346191.664776,628006115.424052,680250453.148396,744104842.087627,773157453.281182,797728653.33275,796698269.18109,824160018.151066,843929639.973983,884847176.210759,878435084.164589,912944537.815126,868904477.722589,843842416.462442
GDP (current US$),NY.GDP.MKTP.CD,San Marino,SMR,1005159388.24397,1077413479.05282,1168269230.76923,1464326160.8154,1723750000,1785847531.40157,1908167105.75837,2185874623.59704,2393437820.41892,2056126701.86163,1881214370.93994,1813752783.96437,1604779647.95066,1678841811.66158,1673973694.69908,1419394771.21029,1468377272.13859,1528630707.49794,1655300872.53427,1616188702.34405,1541204337.79164,..
GDP (current US$),NY.GDP.MKTP.CD,Sao Tome and Principe,STP,..,75951210.6852445,85171308.1654435,102085583.465275,114582561.627097,136450274.673234,142775597.255916,149146423.083742,188021190.592847,187820464.571058,196652514.267255,231489270.144529,250680845.747837,300554483.611626,346528329.183227,316066072.343754,345495614.979982,375614126.193877,412253809.728799,427425039.684339,472551022.513384,526653790.670814
GDP (current US$),NY.GDP.MKTP.CD,Saudi Arabia,SAU,189514926213.333,184137469733.333,189605920240,215807655253.333,258742263040,328459700114.755,376900135727.637,415964583055.37,519796738640,429097899280,528207332649.536,671238840108.229,735974843348.664,746647127407.619,756350347320.381,654269739552.019,644935682011.475,688586094412.68,816578674529.141,803616264791.024,703367841222.555,833541236569.315
GDP (current US$),NY.GDP.MKTP.CD,Senegal,SEN,6013184809.23898,6507824767.06303,7006402592.45463,8768721956.33228,10076817278.1025,11009032665.3876,11697918802.7922,13994218939.2431,16853991176.9058,16145868284.5645,16121314670.9653,17814284622.1718,17660871725.9977,18918668644.1941,19797254643.1212,17774766636.0459,19040312815.1337,20996564751.5994,23116897847.0474,23398811423.578,24493157583.2282,27625388352.1688
GDP (current US$),NY.GDP.MKTP.CD,Serbia,SRB,6875845986.52121,12960538723.7591,17120906918.3503,22482365321.7656,26141968161.0924,27683225959.2468,32482070360.3204,43170990616.4729,52194221468.5007,45162894380.9318,41819468691.8251,49258136128.9672,43309252921.0567,48394239474.6762,47062206677.6539,39655958842.5478,40692643373.0327,44179055279.8887,50640650221.4622,51514222381.8428,53356480453.8048,63082047649.8528
GDP (current US$),NY.GDP.MKTP.CD,Seychelles,SYC,614879764.780006,622262057.191635,697518248.175182,705704816.042365,839319927.272727,919103254.545455,1016418229.25159,1033561654.0568,967199593.960157,847397850.094417,969936525.298729,1065826669.89742,1059498883.53765,1328091522.02218,1387581391.70001,1416001321.92671,1490228318.73024,1573433080.78958,1636312009.83387,1684373490.19831,1261198524.11092,1454458183.85981
GDP (current US$),NY.GDP.MKTP.CD,Sierra Leone,SLE,635874002.198748,1090467712.30773,1253340519.53311,1385810072.19217,1448536630.88143,1650494366.99875,1885112201.85278,2158496872.85796,2505458705.03338,2453899846.88317,2578026297.15912,2942546781.04548,3801862611.36414,4920343194.99339,5015157815.73406,4218723875.1379,3674794530.18956,3719369107.34992,4085114794.22324,4076578542.56207,4063289449.58795,4042237864.28942
GDP (current US$),NY.GDP.MKTP.CD,Singapore,SGP,96074477958.2367,89794943349.8912,92537752708.5893,97645448283.7791,115035498757.543,127807618360.971,148630373214.173,180941941477.009,193611986712.842,194152286008.938,239809387605.427,279351168707.267,295087220933.024,307576360584.992,314851156183.411,308004146057.608,318832428519.725,343193352161.634,376998146500.593,375472731271.075,345295933898.674,396986899888.351
GDP (current US$),NY.GDP.MKTP.CD,Sint Maarten (Dutch part),SXM,..,..,..,..,..,..,..,..,..,..,..,936089385.47486,985865921.787709,1022905027.93296,1245251396.64804,1253072625.69832,1263687150.83799,1191620111.73184,1185474860.3352,..,..,..
GDP (current US$),NY.GDP.MKTP.CD,Slovak Republic,SVK,29242558796.5507,30778781606.9575,35297794385.6863,46919965224.1497,57437444469.087,62808723476.719,70767338922.4411,86563986799.2505,100879902984.983,89399303222.155,91162836320.3502,99922685424.8835,94623731085.6106,98935222174.8603,101437045019.901,88900883130.8374,89952699524.894,95649966260.9802,106137924015.593,105720354988.541,106696828625.55,116527101097.7
GDP (current US$),NY.GDP.MKTP.CD,Slovenia,SVN,20289627636.6767,20876309970.385,23489890274.3142,29634713641.0968,34414784504.2352,36206395970.6504,39481045038.2637,48067401207.3978,55779427739.6609,50567734885.9613,48208240226.4501,51583869785.1849,46577793184.0031,48415657264.8758,49997186439.0916,43107506024.3254,44766722790.5826,48589100043.0954,54177882425.8431,54331588482.3058,53706800043.6842,61748586534.8672
GDP (current US$),NY.GDP.MKTP.CD,Solomon Islands,SLB,419845231.77897,409507389.162562,346405301.683262,417671431.806979,468008069.795717,552862587.816571,617254747.35528,695295347.621537,776339395.190955,805561762.880199,898133796.267592,1063889652.2843,1185215901.67501,1285917749.68845,1335579569.64462,1307908069.79418,1379482146.90119,1469787255.62289,1615479408.99088,1619154819.29185,1536148245.54995,1631486531.92364
GDP (current US$),NY.GDP.MKTP.CD,Somalia,SOM,..,..,..,..,..,..,..,..,..,..,..,..,..,4577000000,5024999991.72061,5335000000,5534000000,5609000000,5856000006.22196,6485000000,6883000000,7628000011.46184
GDP (current US$),NY.GDP.MKTP.CD,South Africa,ZAF,151753369491.916,135429607036.658,129088132201.846,197020241490.079,255806631391.551,288868489078.987,303860874149.007,333075462599.71,316132138757.081,329753048857.052,417365076968.257,458201514136.977,434400545085.811,400886013595.573,381198869776.106,346709790458.563,323585509674.481,381448814653.456,404159690890.846,388531954110.604,337619680138.494,419015018371.887
GDP (current US$),NY.GDP.MKTP.CD,South Sudan,SSD,..,..,..,..,..,..,..,..,14586253383.0632,12231264525.0671,14602072410.9506,14907308932.7534,11931472169.4915,18426469016.9492,13962212847.4576,11997800760.2242,..,..,..,..,..,..
GDP (current US$),NY.GDP.MKTP.CD,Spain,ESP,598363313494.903,627830029412.205,708756677088.629,907491523174.116,1069055675273.75,1153715822717.51,1260398977831.76,1474002579820,1631863493552.34,1491472923706.64,1422108199783.34,1480710495710.12,1324750738725,1355579535912.55,1371820537888.62,1196156971279.69,1233554967011.68,1313245330197.65,1421702715218.04,1394320055129.41,1276962685648.25,1427380681294.55
GDP (current US$),NY.GDP.MKTP.CD,Sri Lanka,LKA,16330814179.9766,15749753804.8344,16536535647.0834,18881765437.2151,20662525941.2985,24405791044.7761,28279814924.5918,32350248410.8216,40713812309.7316,42066217871.5349,58636150709.5507,67753288946.2507,70447191495.6812,77000596661.4756,82528526229.5245,85140963536.633,88012262256.8633,94376246466.9549,94493847351.6433,89014990791.9051,85349112170.9594,88927263724.8592
GDP (current US$),NY.GDP.MKTP.CD,St. Kitts and Nevis,KNA,421695769.843918,458643829.014199,481077373.669966,469869869.86987,506900000,547203703.703704,644414814.814815,689285185.185185,777691333.333333,774273111.111111,778718111.111111,836092407.407407,826231629.62963,875376407.407407,953174074.074074,957040740.740741,1008100000,1058937037.03704,1076911111.11111,1107840740.74074,884525925.925926,860840740.740741
GDP (current US$),NY.GDP.MKTP.CD,St. Lucia,LCA,932592592.592592,892592592.592592,900000000,987407407.407407,1066666666.66667,1135555555.55556,1268319185.18519,1336088814.81481,1437731111.11111,1401507888.88889,1486758037.03704,1576988407.40741,1605146777.77778,1664816740.74074,1749289302.71075,1807227215.4535,1865459670.06646,1996710562.6389,2057067919.33041,2094201725.17451,1516015718.73491,1691275156.6002
GDP (current US$),NY.GDP.MKTP.CD,St. Martin (French part),MAF,..,..,..,..,..,..,..,..,..,..,..,775890868.596882,..,..,772950710.774545,..,..,..,..,..,..,..
GDP (current US$),NY.GDP.MKTP.CD,St. Vincent and the Grenadines,VCT,427946037.037037,462072333.333333,487763851.851852,509090888.888889,549900185.185185,579948925.925926,643501148.148148,713596666.666667,732663259.259259,714300259.259259,720447888.888889,713796370.37037,730032592.592593,764781259.259259,770901444.444444,786554592.592593,814302259.259259,847620222.222222,884328185.185185,910149703.703704,872134555.555555,904181492.766708
GDP (current US$),NY.GDP.MKTP.CD,Sudan,SDN,12257418326.0734,15716489369.9266,18136839087.0077,21355576672.542,26645490675.0417,35182105414.3919,45264519502.6479,59440139774.8128,64831935604.2484,58316191440.365,74151186600.1735,78403418360.459,63195499524.2094,66026600235.4524,76818327441.6497,84985132167.2171,102943741648.824,129717804934.614,32333780383.2924,32338079165.2893,27034593750,34326058557.4418
GDP (current US$),NY.GDP.MKTP.CD,Suriname,SUR,947671969.69697,834279357.798165,1093574468.08511,1274190311.41869,1484092538.40527,1793388732.29125,2626380435.17877,2936612021.85792,3532969034.60838,3875409836.06557,4368398047.64333,4422276621.78703,4980000000,5145757575.75758,5240606060.60606,5126188134.7499,3317437626.43291,3591660723.58668,3996204757.11893,4016040575.08796,2911807496.20227,2984706243.65482
GDP (current US$),NY.GDP.MKTP.CD,Sweden,SWE,262835454366.855,242395852494.409,266849061835.659,334337212322.076,385118044877.465,392218088878.779,423093437423.762,491252589217.021,517706149201.196,436537014293.554,495812558843.31,574094112972.733,552483727282.802,586841821796.891,581964017237.095,505103781349.757,515654671469.547,541018749769.097,555455371487.089,533879529188.454,547054174235.876,635663801201.765
GDP (current US$),NY.GDP.MKTP.CD,Switzerland,CHE,279216033870.204,286582672434.226,309301422430.386,362075086507.76,403912891033.374,418284865884.998,441634672196.523,490740715594.802,567267767519.158,554212916092.271,598851028906.58,715888126682.396,686420221557.99,706234937370.968,726537808338,694118186379.628,687895460902.713,695200833086.499,725568717468.001,721369112726.724,739913619797.445,800640155387.26
GDP (current US$),NY.GDP.MKTP.CD,Syrian Arab Republic,SYR,80590022271.7149,86771314031.1804,90558485523.3853,95693808463.2517,112863340757.238,134203830734.967,153799910913.14,180030111358.575,218089977728.285,224561692650.334,252518218262.806,67539427670.9958,43190317724.7088,21361254647.9904,21502061462.2122,16468399180.3822,12598742886.9368,16369724433.2751,21351730539.3113,22443299775.342,11079795397.2805,..
GDP (current US$),NY.GDP.MKTP.CD,Tajikistan,TJK,860521119.298753,1080768906.5003,1221120798.81336,1555301496.04756,2076182460.86517,2312327536.41789,2830220713.07301,3719506172.83951,5161337336.40365,4979481980.35098,5642178579.58438,6522732202.50748,7633049792.09321,8448469837.53831,9112544556.05962,8271454300.59548,6992393787.40891,7536439875.08334,7765014424.33779,8300784856.87904,8133996647.90397,8746270636.40142
GDP (current US$),NY.GDP.MKTP.CD,Tanzania,TZA,13375976353.6994,13581644245.7352,14142035080.2849,15224257698.482,16675948414.7573,18399046025.2688,18649590248.2626,21843529024.9154,27961527622.7154,29081826158.6787,32014247547.5146,34657141720.6759,39650522645.9811,45680532613.7591,49964825081.1078,47378603783.6471,49774004999.2038,53320647489.1365,57003685911.9411,61136873692.3985,62409709110.9538,67841049193.3855
GDP (current US$),NY.GDP.MKTP.CD,Thailand,THA,126392233706.79,120296476180.402,134300851255.002,152280677649.055,172895749632.046,189318549680.384,221758196504.936,262942476722.425,291382991177.698,281710416557.292,341104820155.464,370819140946.553,397558222957.17,420333203150.426,407339454060.678,401296437424.995,413366150655.591,456356961443.497,506754616189.315,544081056184.697,499681757030.968,505947037098.424
GDP (current US$),NY.GDP.MKTP.CD,Timor-Leste,TLS,367087900,477443500,469506692.623875,490439064.433005,440764572.139052,462283556.702666,453805097.349666,542795446.507391,648492745.886205,726882390.157771,881827794.874257,1042411479.45348,1160389550.88373,1395519568.13766,1447310448.58225,1594447630.7963,1650619369.51891,1595724260.7075,1563887943.80061,2028551627.60532,2158392539.93697,3621222382.15929
GDP (current US$),NY.GDP.MKTP.CD,Togo,TGO,1491891107.95711,1482437752.05739,1706698099.44513,2115836353.1204,2259992642.29014,2281482855.46518,2351584608.41123,2662612348.44099,3323677130.04484,3379258564.97242,3429461495.41335,3872459249.74631,3873308389.30006,4321655656.33177,4574986536.90791,4180866177.03946,6031632168.17391,6395472574.41445,7112200725.00232,7220395247.7424,7574636978.66175,8413200567.6151
GDP (current US$),NY.GDP.MKTP.CD,Tonga,TON,204849612.592276,181116952.7897,182763693.916873,202246959.690276,230657965.488586,261797606.149719,292232117.078998,298513956.159185,344428609.006734,312377379.297118,366840012.442325,414523388.461329,470714083.426751,450643615.180528,439878828.008608,437006227.162781,420540178.571429,460379144.989821,488903272.859878,512057749.020644,484806718.323882,469231309.539488
GDP (current US$),NY.GDP.MKTP.CD,Trinidad and Tobago,TTO,8154338232.95978,8824873259.32105,9008273720.93395,11305459802.0683,13280275123.0354,15982282462.3786,18369361094.3886,21641620049.9352,27871587349.5413,19172165225.5015,22157948396.2042,25433011405.3017,27121712423.4327,28557451143.4319,29489012807.1382,26851970253.811,23496215885.0766,23797686965.7886,24322359034.7096,23849557811.8957,21059428851.4883,24460196270.6866
GDP (current US$),NY.GDP.MKTP.CD,Tunisia,TUN,21473261837.0176,22066031834.2948,23142153759.5836,27453007372.9142,31183059012.4448,32273007553.5687,34377310293.0128,38914078351.8027,44860969077.1853,43454935940.1614,46206091937.9628,48122744708.0551,47311159485.2423,48684187850.0646,50271072627.6727,45780077487.7651,44360754189.9441,42163966272.6296,42685972269.4473,41906113685.9324,42537832456.2651,46686741814.278
GDP (current US$),NY.GDP.MKTP.CD,Turkiye,TUR,274302959053.103,201751148417.102,240253216295.117,314592428076.487,408876042651.701,506308311476.63,557057829051.453,681337335021.874,770462156204.38,649272568774.193,776992599946.766,838762755164.179,880556375779.51,957783020853.031,938952628604.067,864316670330.882,869692960365.551,858996263095.858,778471900960.981,759937390496.669,720289368333.191,819035182929.585
GDP (current US$),NY.GDP.MKTP.CD,Turkmenistan,TKM,2904662604.82053,3534803921.56863,4461978498.86577,5977560877.44013,6838351088.46688,8103901996.37024,10276674364.8961,12664165103.1895,19271523178.8079,20214385964.9123,22583157894.7368,29233333333.3333,35164210526.3158,39197543859.6491,43524210526.3158,35799714285.7143,36169428571.4286,37926285714.2857,40765428571.4286,45231428571.4286,..,..
GDP (current US$),NY.GDP.MKTP.CD,Turks and Caicos Islands,TCA,..,358744800,366707900,409753600,485598800,578645800,721891500,773489700,862683600,703175800,686787800,728789600,727161000,754238000,841070000,942070000,1032452000,1022365000,1113178000,1197415000,924583000,943269800
GDP (current US$),NY.GDP.MKTP.CD,Tuvalu,TUV,15074211.5027829,13965035.6884245,16842334.0215147,19456514.6896686,22797470.2162083,22909507.4455899,24096385.5421687,28449502.1337127,31873846.6700218,28076743.0978007,32104201.0640249,39195461.5781331,39345620.2112239,38617493.7246573,38759689.9224806,36811659.5297123,41629497.4724948,45217657.8786021,47818290.4961148,54223149.1136601,55054710.6186773,63100961.5384615
GDP (current US$),NY.GDP.MKTP.CD,Uganda,UGA,6193246837.09687,5840503868.57246,6178563590.89254,6606884390.78019,7939487473.86318,9239221858.55839,9977647644.69953,11902564401.3238,14440404021.4881,25127805566.4511,26673441667.2815,27871725205.5714,27305915761.2918,28915786996.5518,32612397758.4579,32387183844.6699,29203988814.8973,30744473911.5312,32927025573.4296,35353060634.2022,37600368180.9399,40529789025.5702
GDP (current US$),NY.GDP.MKTP.CD,Ukraine,UKR,32375280320.5765,39309580983.2282,43956369917.0202,52010238715.8475,67220154164.3166,89239370109.4698,111884752475.248,148733861386.139,188111140643.985,121552777492.556,141209864408.488,169333048847.834,182592416468.527,190498811460.028,133503411375.739,91030959454.6961,93355993628.5042,112090530368.543,130891049796.879,153882982016.281,156617861448.576,200085537744.354
GDP (current US$),NY.GDP.MKTP.CD,United Arab Emirates,ARE,104337372362.151,103311640571.818,109816201497.617,124346358066.712,147824370319.946,180617467964.602,222116541865.214,257916133424.098,315474615738.598,253547358747.447,289787452661.675,350666058379.85,384610125384.033,400218529747.597,414105366758.911,370275469560.166,369255326235.771,390516804016.501,427049432149.345,417989721734.494,349473015336.939,415021590683.006
GDP (current US$),NY.GDP.MKTP.CD,United Kingdom,GBR,1666126494174.61,1648658413703.76,1785843824940.05,2056612244897.96,2422958623214.94,2544805454545.45,2709911683532.66,3092821128451.38,2931501838235.29,2417638261411.43,2491397494467.95,2666403005061.42,2706340967030.68,2786315215249.95,3065223279583.79,2934857946213.47,2699659680997.2,2683399006715.79,2878152147315.82,2857057847953.02,2704609160088.15,3131377762925.95
GDP (current US$),NY.GDP.MKTP.CD,United States,USA,10250947997000,10581929774000,10929112955000,11456442041000,12217193198000,13039199193000,13815586948000,14474226905000,14769857911000,14478064934000,15048964444000,15599728123000,16253972230000,16843190993000,17550680174000,18206020741000,18695110842000,19477336549000,20533057312000,21380976119000,21060473613000,23315080560000
GDP (current US$),NY.GDP.MKTP.CD,Uruguay,URY,22823255801.8447,20898788416.6348,13606494599.4261,12045631092.5353,13686329890.1191,17362857683.8545,19579457966.0538,23410572634.3147,30366213119.2928,31660911277.0294,40284481651.9021,47962439303.7247,51264390116.4909,57531233350.9101,57236013086.1223,53274304222.136,57236652490.1699,64233966861.2518,64515038268.1373,61231149880.5857,53560755046.6162,59319484710.6527
GDP (current US$),NY.GDP.MKTP.CD,Uzbekistan,UZB,13760513969.314,11401421329.1974,9687788512.80184,10134453435.4603,12030023547.8807,14307509838.8053,17330833852.919,22311393927.8817,29549438883.8338,33689223673.2577,49765676402.4495,60178909297.208,67517349212.0609,73180036692.3255,80845384375.1236,86196265191.6645,86138288615.1218,62081323299.0324,52633143808.1824,59907674027.4676,59894305352.8955,69238903106.1738
GDP (current US$),NY.GDP.MKTP.CD,Vanuatu,VUT,272014693.050806,257926881.72043,262596597.803278,314471328.071548,364996869.129618,394962552.336108,439358717.579772,516392922.513728,590748237.021657,592622502.360859,670713208.084552,770153304.153832,747839697.746593,758304466.245339,772315721.265827,730870581.672312,780889605.899977,880062103.045053,914736985.430944,936526267.622513,896879875.195008,956332655.718234
GDP (current US$),NY.GDP.MKTP.CD,"Venezuela, RB",VEN,117140723529.412,122903960204.505,92893587733.6549,83620628582.1082,112453382329.615,145510008134.75,183477522123.894,230364012575.687,315953388510.678,329787628928.471,393192354510.653,316482190800.364,381286237847.667,371005379786.566,482359318767.703,..,..,..,..,..,..,..
GDP (current US$),NY.GDP.MKTP.CD,Vietnam,VNM,31172518403.3162,32685198735.3053,35064105500.8344,39552513316.0734,45427854693.2554,57633255618.2731,66371664817.0436,77414425532.2452,99130304099.1274,106014659770.222,147201163802.554,172595034069.162,195590647205.685,213708830436.648,233451484773.974,239258340825.533,257096001564.769,281353625688.004,310106472642.968,334365257436.758,346615750664.384,366137590600.699
GDP (current US$),NY.GDP.MKTP.CD,Virgin Islands (U.S.),VIR,..,..,3262000000,3443000000,3797000000,4428000000,4484000000,4784000000,4244000000,4201000000,4324000000,4223000000,4089000000,3738000000,3565000000,3663000000,3798000000,3794000000,3922000000,4117000000,4204000000,..
GDP (current US$),NY.GDP.MKTP.CD,West Bank and Gaza,PSE,4313600000,4003700000,3555800000,3968000000,4603100000,5125700000,5348300000,5815700000,7310400000,8085700000,9681500000,11186100000,12208400000,13515500000,13989700000,13972400000,15405400000,16128000000,16276600000,17133500000,15531700000,18036800000
GDP (current US$),NY.GDP.MKTP.CD,"Yemen, Rep.",YEM,9652436179.64605,9861560094.74009,10694628091.6726,11777966673.3897,13872791658.5487,16746344766.2044,19061978586.1278,21650532264.2322,26910851361.7555,25130274124.2525,30906749533.221,32726417878.391,35401323349.8817,40415233436.1767,43228585321.3272,42444495590.1077,31317828583.5859,26842231204.8047,21606161066.2074,..,..,..
GDP (current US$),NY.GDP.MKTP.CD,Zambia,ZMB,3600683039.73254,4094480988.11931,4193845678.17033,4901839731.26571,6221077674.77871,8331870169.14977,12756858899.2812,14056957976.2648,17910858637.9048,15328342303.9575,20265559483.8548,23459515275.5776,25503060420.026,28037239462.7142,27141023558.0829,21251216798.7762,20958412538.3093,25873601260.8353,26311590296.7021,23308667781.2258,18110631358.3114,22147634727.3584
GDP (current US$),NY.GDP.MKTP.CD,Zimbabwe,ZWE,6689957600,6777384700,6342116400,5727591800,5805598400,5755215200,5443896500,5291950100,4415702800,9665793264,12041655180,14101920310,17114849880,19091019990,19495519630,19963120610,20548678070,17584890937.482,34156069918.0609,21832234925.5021,21509698406.1116,28371238665.5116
,,,,,,,,,,,,,,,,,,,,,,,,,
,,,,,,,,,,,,,,,,,,,,,,,,,
,,,,,,,,,,,,,,,,,,,,,,,,,
Data from database: World Development Indicators,,,,,,,,,,,,,,,,,,,,,,,,,
Last Updated: 12/22/2022,,,,,,,,,,,,,,,,,,,,,,,,,
